platform,id,text,created_at,like_count,retweet_count,reply_count
Twitter,1983178569988637078,@Xeer @monad crazy good marketing thoughğŸ˜­,2025-10-28T14:26:31.000Z,0,0,0
Twitter,1983178562913063130,"@mickgennes I will be sharing out some of my Top trading strategies and marketing insight with those who are fully interested for Free.
So Everyone follow the link below to join my trading group for more marketing insight and others profitable lectures
ğŸ‘‡ğŸ‘‡ğŸ‘‡
https://t.co/3LFFmmqjIO",2025-10-28T14:26:29.000Z,0,0,0
Twitter,1983178562300719309,the marketing for no labels is really out of this world he keeps surprising us im speechless,2025-10-28T14:26:29.000Z,0,0,0
Twitter,1983178560916599279,@gizuvalentim Marketing at his finest,2025-10-28T14:26:29.000Z,0,0,0
Twitter,1983178537462051213,"@WhaleGB $Phoenix 

Phoenix already showed potential.

It touched $170K MC before most people even knew it existed. Without any marketing just organic traction and a small group of committed holders.

The fundamentals havenâ€™t changed, LPâ€™s clean, devâ€™s active, burns are happening, and the",2025-10-28T14:26:23.000Z,0,0,0
Twitter,1983178528914129096,"@NoToKYC I will be sharing out some of my Top trading strategies and marketing insight with those who are fully interested for Free.
So Everyone follow the link below to join my trading group for more marketing insight and others profitable lectures
ğŸ‘‡ğŸ‘‡ğŸ‘‡
https://t.co/3LFFmmqjIO",2025-10-28T14:26:21.000Z,0,0,0
Twitter,1983178526040948809,"@smallbreamboy @VicAsouzu Indeed. The issue isnâ€™t ethics, itâ€™s PR.

â€˜Sufferingâ€™ if itâ€™s a cow, 
â€˜less harmâ€™ if itâ€™s poisoning.

Thatâ€™s not morality - thatâ€™s marketing spin.",2025-10-28T14:26:20.000Z,0,0,0
Twitter,1983178502754156672,"@Iv4n_Ko We need to spread awareness on USR.  May be spend on marketing and boost tvl, then spend more from fees creating a flywheel",2025-10-28T14:26:15.000Z,0,0,0
Twitter,1983178502686839183,Imagine a world where your business not only meets its sales targets but exceeds them with remarkable consistency. This is not a mere daydream but a tangible reality when you have the backing of digital marketing experts dedicated to elevating your busin https://t.co/barxuaQSiT https://t.co/6D1NcXJz9G,2025-10-28T14:26:15.000Z,0,0,0
Twitter,1983178491819655318,"@alisk008 I will be sharing out some of my Top trading strategies and marketing insight with those who are fully interested for Free.
So Everyone follow the link below to join my trading group for more marketing insight and others profitable lectures
ğŸ‘‡ğŸ‘‡ğŸ‘‡
https://t.co/3LFFmmqjIO",2025-10-28T14:26:12.000Z,0,0,0
Twitter,1983178490699472909,"Hereâ€™s what sets @X1_EcoChain apart ğŸ‘‡
 Scalable Architecture: Designed for next-gen throughput without compromising decentralization.
ğŸŒ± Eco-Efficient Consensus: Sustainability isnâ€™t marketing  itâ€™s in the chainâ€™s core design.
ğŸ”— Cross-Chain Interoperability: Built to connect https://t.co/Cpga5LI9TZ",2025-10-28T14:26:12.000Z,0,0,0
Twitter,1983178474371371312,"@Mintcooks $Phoenix 

Phoenix already showed potential.

It touched $170K MC before most people even knew it existed. Without any marketing just organic traction and a small group of committed holders.

The fundamentals havenâ€™t changed, LPâ€™s clean, devâ€™s active, burns are happening, and the",2025-10-28T14:26:08.000Z,0,0,0
Twitter,1983178473956053190,@IdorenyinAkani2 Someone who thinks distribution means posting the same tweet on 5 platforms and calling it omnichannel marketing.,2025-10-28T14:26:08.000Z,0,0,0
Twitter,1983178463185121411,If you think the marketing for monad pre tge is wild just wait for mainnet to go live and see what happens post tge.,2025-10-28T14:26:05.000Z,1,0,2
Twitter,1983178449624940758,"@Mahmoud111398 I will be sharing out some of my Top trading strategies and marketing insight with those who are fully interested for Free.
So Everyone follow the link below to join my trading group for more marketing insight and others profitable lectures
ğŸ‘‡ğŸ‘‡ğŸ‘‡
https://t.co/3LFFmmqjIO",2025-10-28T14:26:02.000Z,0,0,0
Twitter,1983178446567288943,"@Alexandru799159 @SIOFN4 This just canâ€™t be it, if anything there sabotaging the storyline by not marketing it and when the player count dips on a big story event which hasnâ€™t happened in years theyâ€™ll just say â€œoh, nope story doesnâ€™t do us any numbers gotta bin itâ€",2025-10-28T14:26:01.000Z,0,0,0
Twitter,1983178443144765915,"@arbitrum gm. Have a productive working day. Our devops are building and shipping new features, our marketing lead is analyzing SEO metrics, our founder is establishing partnership and networking. We're growing as startup!",2025-10-28T14:26:01.000Z,0,0,0
Twitter,1983178439432745344,"Lately, Iâ€™ve been seeing more and more advertisers pushing aggressive marketing angles.

Crazy hooks, big claims, shock-style creatives  and yeah, they convert.

But hereâ€™s the problem: Meta hates it.

The stricter your copy, the faster your ad accounts get flagged or restricted.",2025-10-28T14:26:00.000Z,0,0,0
Twitter,1983178432931606681,"not bad for day 1

@monad team really master the marketing play here ngl https://t.co/nQ2oOWe0ZG",2025-10-28T14:25:58.000Z,0,0,0
Twitter,1983178427038621887,"ğŸš€ Join thought leaders at MMA Impact Indonesia 2025 as we explore the future of marketing, business &amp; innovation!

ğŸ—“ 6 Nov 2025 | 08.30â€“16.30 WIB
ğŸ“ The Ritz-Carlton Jakarta, Mega Kuningan
ğŸ¯ Theme: Powering Marketing for Growth â€” Act. Accelerate. Advance. https://t.co/txtkz5rwdh",2025-10-28T14:25:57.000Z,0,0,1
Twitter,1983178421049131220,"The hidden cost of pitching and how to qualify better, reduce waste, and protect your team during the pitch process on a recent podcast episode at Marketing Momentum for Agencies Podcast with Tracey Burnett ğŸ™ï¸.

#AgencyGrowth #PitchtoWin

https://t.co/70QjqtvT30",2025-10-28T14:25:55.000Z,0,0,0
Twitter,1983178410374713806,@JoyJuliet_AI @TradeWindAI0511 AI translation and video generation make marketing effortless,2025-10-28T14:25:53.000Z,0,0,0
Twitter,1983178407178535282,"@lourdesanchezok $Phoenix 

Phoenix already showed potential.

It touched $170K MC before most people even knew it existed. Without any marketing just organic traction and a small group of committed holders.

The fundamentals havenâ€™t changed, LPâ€™s clean, devâ€™s active, burns are happening, and the",2025-10-28T14:25:52.000Z,0,0,0
Twitter,1983178405576384619,"@Sunny_Khan14 I will be sharing out some of my Top trading strategies and marketing insight with those who are fully interested for Free.
So Everyone follow the link below to join my trading group for more marketing insight and others profitable lectures
ğŸ‘‡ğŸ‘‡ğŸ‘‡
https://t.co/3LFFmmqjIO",2025-10-28T14:25:52.000Z,0,0,0
Twitter,1983178396432797855,"@ottrTweets @BattlefieldInte Really good marketing by you. Hey! Maybe if
You wanna be successful you donâ€™t shit on the core of the game base",2025-10-28T14:25:50.000Z,0,0,0
Twitter,1983178391789679035,the marketing exam finished me,2025-10-28T14:25:48.000Z,0,0,0
Twitter,1983178385519206722,"@RickOnChainXBT I will be sharing out some of my Top trading strategies and marketing insight with those who are fully interested for Free.

So Everyone follow the link below to join my trading group for more marketing insight and others profitable lectures
ğŸ‘‡ğŸ‘‡ğŸ‘‡
https://t.co/b2qRv9cRSD",2025-10-28T14:25:47.000Z,0,0,0
Twitter,1983178380658061802,"@DearS_o_n High paying skills that can change your financial life:

- Digital marketing.
- Video editing.
- Graphic design.
- Content writing/creation.
- Web design.
- Product design.
- Cryptocurrency trading.
- Forex trading.

Invest in yourself.",2025-10-28T14:25:46.000Z,0,0,0
Twitter,1983178378208514197,"@dunkindonuts No more braided apple pies OR pumpkin donutsâ€¦NOW ?!
When we are in the middle of the fall seasonâ€¦?!
What a horrible marketing planâ€¦ğŸ¤¦ğŸ¼â€â™€ï¸
Will just have to go elsewhere.",2025-10-28T14:25:45.000Z,0,0,0
Twitter,1983178372420383238,"@MaransCrypto Monad has bad advisors tbh 

They r more focused on marketing the chain than rewarding people

Worse case they are marketing the wrong way and to the wrong people

Will this people use the chain?!
lol",2025-10-28T14:25:44.000Z,0,0,0
Twitter,1983178360055574588,"AI Loves You

https://t.co/BcmEm6mjQ7

#entrepreneur #startup #technology #ai #marketing https://t.co/P88T9I1CGR",2025-10-28T14:25:41.000Z,0,1,0
Twitter,1983178340480758230,"@CryptoGich I will be sharing out some of my Top trading strategies and marketing insight with those who are fully interested for Free.

So Everyone follow the link below to join my trading group for more marketing insight and others profitable lectures
ğŸ‘‡ğŸ‘‡ğŸ‘‡
https://t.co/b2qRv9cRSD",2025-10-28T14:25:36.000Z,0,0,0
Twitter,1983178320163623147,"Weâ€¯donâ€™tâ€¯justâ€¯createâ€¯postâ€¯â€“â€¯weâ€¯createâ€¯feel   Shotâ€¯thisâ€¯stylishâ€¯oppoN3â€¯Flipâ€¯launchâ€¯reelâ€¯forâ€¯Newâ€¯Worldâ€¯ofâ€¯Mobile,â€¯Waghodiaâ€¯ğŸ’« 
Yourâ€¯360Â°â€¯brandingâ€¯partner
#newworldofmobile #vadodara #waghodia #oppo #marketing #digital #techindia #mobilepromotion https://t.co/T3YhgCJTVA",2025-10-28T14:25:31.000Z,0,0,0
Twitter,1983178319014314044,Why is BJP unable to stop hoarding and black marketing? #BjpFailInOdisha #Odisha #PriceHike https://t.co/ByAsnnPiUt,2025-10-28T14:25:31.000Z,0,0,0
Twitter,1983178296847425816,"@vainxyz $Phoenix 

Phoenix already showed potential.

It touched $170K MC before most people even knew it existed. Without any marketing just organic traction and a small group of committed holders.

The fundamentals havenâ€™t changed, LPâ€™s clean, devâ€™s active, burns are happening, and the",2025-10-28T14:25:26.000Z,0,0,0
Twitter,1983178289016709410,@Jantamanfx @BitgetWallet @Bantr_fun Better marketing could help this grow.,2025-10-28T14:25:24.000Z,0,0,0
Twitter,1983178288895000838,@FredaDuan the debate is a category error. it assumes the money comes from the same budget. the last 25 years were about capturing the marketing budget. the next 25 will be about capturing the production budget,2025-10-28T14:25:24.000Z,0,0,0
Twitter,1983178271123783687,"SPI Marketing extends our deep gratitude to the trailblazers that have helped us live our lives more freely and open. As we take the energy from LGBTQ History Month forward, we know that visibility is power.

#lgbthistorymonth #lgbthistory #lgbtqhistorymonth #lgbtqhistory https://t.co/rTt2p0eaq6",2025-10-28T14:25:20.000Z,0,0,0
Twitter,1983178271027278048,Let's ğŸ‘ï¸ Observe $CHILLHOUSE ğŸ“ˆ @uwexyo @iyad_okal @ui_marketing_ https://t.co/fu9AfjMStK,2025-10-28T14:25:20.000Z,0,0,0
Twitter,1983178262424572149,"Then came the crew.

ğŸ§  Devin â€“ former @Topgolf real estate + concept innovator
ğŸ“Š Michael â€“ ex-VP of Finance, helped sell Topgolf to @Callaway 
âš™ï¸ Josh â€“ Ops machine, 15 years of frontline leadership
ğŸ“£ Marissa â€“ Marketing assassin, @dallascowboys + @Toyota  alum",2025-10-28T14:25:18.000Z,0,0,0
Twitter,1983178243571409377,"@theonlybungaaa I will be sharing out some of my Top trading strategies and marketing insight with those who are fully interested for Free.

So Everyone follow the link below to join my trading group for more marketing insight and others profitable lectures
ğŸ‘‡ğŸ‘‡ğŸ‘‡
https://t.co/Ehb4mehxuc",2025-10-28T14:25:13.000Z,0,0,0
Twitter,1983178226181734453,@EkomLuv Supporting startups through advisory and marketing is crucial. Coinstore excels in both areas.,2025-10-28T14:25:09.000Z,0,0,0
Twitter,1983178210243174861,"ğŸš€ Just found the blog over at GroupBuySeoTools â€” a goldmine for anyone into SEO, digital marketing &amp; AI tool reviews. From deep-dives on platforms like Ahrefs &amp; SEMrush, to breakdowns of AI subs and group-buy deals â€”ğŸ‘‰ https://t.co/SKHB9F8PSn #SEO #DigitalMarketing",2025-10-28T14:25:05.000Z,1,1,0
Twitter,1983178204014887090,"@ScullionPaul @andrewlawrence No institution or area of the corporate world is immune from ideology, which is what this is about, not selling stuff. The idea that focusing marketing on 4% of the population makes any economic sense is so bonkers and illogical a child would see the flaw",2025-10-28T14:25:04.000Z,0,0,0
Twitter,1983178188282048946,"@s4sean2011 @realAlucar I don't get mad about the event name,but at the marketing team for fucking everything up and not knowing what to do",2025-10-28T14:25:00.000Z,0,0,0
Twitter,1983178152802439610,"@Icryptojasspu I will be sharing out some of my Top trading strategies and marketing insight with those who are fully interested for Free.

So Everyone follow the link below to join my trading group for more marketing insight and others profitable lectures
ğŸ‘‡ğŸ‘‡ğŸ‘‡
https://t.co/Ehb4mehxuc",2025-10-28T14:24:51.000Z,0,0,0
Twitter,1983178144677855582,"â—ï¸â—ï¸About the Dior story ğŸ‘‡ğŸ¤·â€â™‚ï¸

â—ï¸""Diana's legacy belongs to memory, not marketing"" was said by Princess Diana's brother, â—ï¸Earl Charles Spencer, during his eulogy at her funeral in 1997. This was NOT said by a senior stylist.  ğŸ¤·â€â™‚ï¸ğŸ¤·

â—ï¸I knew when I read it that it sounded https://t.co/aagmtMHOCi",2025-10-28T14:24:50.000Z,0,0,0
Twitter,1983178112990118121,@VincentWho_X Because drug companies are the only ones who can afford to advertise and they have to spend so much a year on marketing,2025-10-28T14:24:42.000Z,0,0,0
Twitter,1983178106933522475,"@CyricZ42 It's on purpose. marketing doesn't make mistakes, it makes calculated moves. They're trying to diffuse the situation with humor and it's disgusting. I already knew I was pirating the game but I won't be buying any other sega games until they fix this.",2025-10-28T14:24:41.000Z,0,0,0
Twitter,1983178103762629071,"@zinoboumesjed I will be sharing out some of my Top trading strategies and marketing insight with those who are fully interested for Free.

So Everyone follow the link below to join my trading group for more marketing insight and others profitable lectures
ğŸ‘‡ğŸ‘‡ğŸ‘‡
https://t.co/Ehb4mehxuc",2025-10-28T14:24:40.000Z,0,0,0
Twitter,1983178097815105688,@VietnamPenguin @Lighter_xyz No L2 needs a token in the first place. Itâ€™s a marketing gimmick and to let their investors cash out. Just another useless tge. They might earn some okay-ish revenue but their whole business model is replicating Robinhood which doesnâ€™t work in crypto and copying HL to a tee.,2025-10-28T14:24:38.000Z,0,0,0
Twitter,1983178093901832341,"Gee, had no idea this was happening on a random f'n Tuesday until yesterday.  Outstanding marketing job, guys!  What a f'n clown show you guys are running...  Unserious league. https://t.co/KHcq68Uxhv",2025-10-28T14:24:37.000Z,0,0,0
Twitter,1983178087291605112,"Thank you @Monad 

No idea if this is a good start or not, will take 3 days to fully find out

The most dramatic and skillful marketing airdrop Iâ€™ve ever seen lol https://t.co/YMOMAcW0pN",2025-10-28T14:24:36.000Z,0,0,0
Twitter,1983178071093195217,"Shameful that Bengaluru is now Garbage city. @GBA_office and @DKShivakumar 

Major work on war footing is needed, not just empty promises and supposed citizen connect events, which are being used as propaganda /marketing material. https://t.co/vbFIknerGr",2025-10-28T14:24:32.000Z,0,0,0
Twitter,1983178060955631622,"@RIPPER72576922 I will be sharing out some of my Top trading strategies and marketing insight with those who are fully interested for Free.

So Everyone follow the link below to join my trading group for more marketing insight and others profitable lectures
ğŸ‘‡ğŸ‘‡ğŸ‘‡
https://t.co/Ehb4mehxuc",2025-10-28T14:24:30.000Z,0,0,0
Twitter,1983178043490476251,"ğŸ‡ºğŸ‡¸ğŸ‡¨ğŸ‡¦ğŸ‡¬ğŸ‡§ğŸ‡¦ğŸ‡ºğŸ‡©ğŸ‡ªğŸ‡«ğŸ‡·ğŸ‡®ğŸ‡©ğŸ‡¸ğŸ‡ªğŸ‡»ğŸ‡ªğŸ‡¨ğŸ‡®ğŸ‡ªğŸ‡¸ğŸ‡¯ğŸ‡µğŸ‡®ğŸ‡³
Check us out for your premium private marketing tools (https://t.co/W28doZL5MX) https://t.co/ZN9gTsXBzD",2025-10-28T14:24:25.000Z,2,2,1
Twitter,1983178029884198996,"I know it's tedious to post about the scammers who've had the audacity to try to sell me overpriced and valueless marketing for my books, because we're all getting them. But today I was asked to put Not Quite Lost in Smutty Book Club and I find that surprising. #writinglife",2025-10-28T14:24:22.000Z,0,0,0
Twitter,1983178025719214109,"@cocothelucky I will be sharing out some of my Top trading strategies and marketing insight with those who are fully interested for Free.

So Everyone follow the link below to join my trading group for more marketing insight and others profitable lectures
ğŸ‘‡ğŸ‘‡ğŸ‘‡
https://t.co/Ehb4mehxuc",2025-10-28T14:24:21.000Z,0,0,0
Twitter,1983178021088669717,@TheChiefNerd A Democratic socialist is just a socialist with marketing.,2025-10-28T14:24:20.000Z,0,0,0
Twitter,1983178008015016201,"@nezuron_ gud marketing, not sure it'll be so good for the chart",2025-10-28T14:24:17.000Z,0,0,0
Twitter,1983178004470870044,The End of Marketing Mayhem? How AI is Taming the Chaos https://t.co/mOuWLtnYev #ai #AI #agenticplatform #AIAgents #SMB #cmo https://t.co/zz0sqntiL8,2025-10-28T14:24:16.000Z,0,0,0
Twitter,1983177987702051109,Texas Sues Tylenol Maker Over Allegedly Omitting Evidence of Autism Link From Marketing https://t.co/X08iz1yYot,2025-10-28T14:24:12.000Z,1,0,0
Twitter,1983177987303374920,"@fettish_video @LilKingofHado I'm working on a course to help you get started with game creation, along with publishing and marketing.

In the meantime, you could start learning C++ and SDL to implement a simple gameplay loop. 

If you think setting up a C++ dev environment is too complex, give Python +",2025-10-28T14:24:12.000Z,1,0,0
Twitter,1983177980047138989,"Once again the Monad marketing team has shown us that they're still topping this game.
Monad will probably have the most mindshare for the next 3 days I mean everyone on the TL will definitely have something to say.

Imagine
&gt;  3 days of surprises
&gt;  3 boxes to open every day
&gt;",2025-10-28T14:24:10.000Z,0,0,0
Twitter,1983177972300300526,"@egbonwisdom9 I have reworded my initial post. Her fairs almost guarantee losses.

Now, I think itâ€™s in the way the event was pushed. Fairs are generally supposed to be for marketing and not necessarily sales. You want visibility. It is to showcase your products.

However, what she and Lagos",2025-10-28T14:24:08.000Z,1,0,0
Twitter,1983177948627906657,@puresoul0109 @monad @cryptunez @intern w marketing team!,2025-10-28T14:24:03.000Z,1,0,0
Twitter,1983177944995655903,@PoojaMedia Keep representing Africa ğŸŒ your native trousers alone na sure marketing âœ…ğŸ’¯,2025-10-28T14:24:02.000Z,0,0,0
Twitter,1983177943900926178,@kaizoslop They seriously need to fire that person marketing the Event as Simpsons ğŸ˜­ğŸ˜­ğŸ˜­,2025-10-28T14:24:02.000Z,4,1,1
Twitter,1983177929027924295,"The SLABS + federal loan explosion creates a perverse incentive loop that turns colleges into debt-fueled cash cows instead of education providers.

Disgusting. Bitcoin &gt; Marketing Degree https://t.co/Lnk1gErDyN",2025-10-28T14:23:58.000Z,4,3,0
Twitter,1983177919838204421,@Folakenodeyjoke No-flight-required positioning is clever marketing. Early traction metrics (DAU/MAU) and deposit volumes will validate whether the funnel converts hype to revenue.,2025-10-28T14:23:56.000Z,0,0,0
Twitter,1983177919594934593,"here are 5 business ideas you can start with no money:

Freelance Services

Social Media Management

Dropshipping

Content Creation (YouTube, Blogging, Podcasting)

Affiliate Marketing",2025-10-28T14:23:56.000Z,0,0,0
Twitter,1983177910690426944,@PagesUnbound @Jamie_Nash I think the confusion comes from the difference between marketing &amp; sales comps. Marketing comps should be the most mega best seller you can reasonably comp to without disappointing readers. Sales comps should be moderate sellers that debuted within the past 3-5 yrs.,2025-10-28T14:23:54.000Z,0,0,0
Twitter,1983177893984473417,$MSFT The fastest-growing ad segment on LinkedIn isnâ€™t recruiters. Itâ€™sÂ AI startups marketing to each other.,2025-10-28T14:23:50.000Z,1,0,1
Twitter,1983177890486169940,"Why Solana ETFs matter beyond brokerage access:

- ETFs primarily sell in to registered investment advisors, and Solana will sit beside BTC and ETH in these conversations
- ETF issuers become a new marketing arm to institutions and retail investors; in out-of-home, TV, etc.
-",2025-10-28T14:23:49.000Z,7,0,2
Twitter,1983177889907650965,"If your close rateâ€™s under 20%, itâ€™s not salesâ€”itâ€™s marketing. 

Ours does 85% of the work before the call, so prospects are pre-sold. 

Want 50%+ close rates? Build marketing that sells before you ever speak. https://t.co/gb2LePyKRg",2025-10-28T14:23:49.000Z,1,0,0
Twitter,1983177871939252716,"@SIOFN4 Itâ€™s either Disney preventing them from properly marketing the event and only promoting the collab side of it, or the marketing team just doesnâ€™t know how to promote an event",2025-10-28T14:23:44.000Z,0,0,0
Twitter,1983177871188537793,"@cocothelucky I will be sharing out some of my Top trading strategies and marketing insight with those who are fully interested for Free.

So Everyone follow the link below to join my trading group for more marketing insight and others profitable lectures
ğŸ‘‡ğŸ‘‡ğŸ‘‡
https://t.co/Ehb4mehxuc",2025-10-28T14:23:44.000Z,0,0,0
Twitter,1983177869829537976,"Ad: ALL SIZES still adding
Nike ReactX Rejuven8 'Green Strike/Black'
=&gt; https://t.co/4RigzcGPzG https://t.co/DPIqqv9N7c",2025-10-28T14:23:44.000Z,2,0,2
Twitter,1983177863479365668,"@sixft7latina You should really try marketing something other than you height, lol. https://t.co/UAFLxjmZAN",2025-10-28T14:23:42.000Z,0,0,0
Twitter,1983177858886578506,"Everyone loves money, but not everyone is dishonorable and without honor. #hemi isn't advertising and trying to scam people more dishonorable than marketing one's wife and daughter? @hemi_xyz
$hemi $hemi$hemi https://t.co/cJVUy333Lp",2025-10-28T14:23:41.000Z,0,0,0
Twitter,1983177844256809430,@BlurCrypto @Henrik_on_HL think itll balance out and its just marketing,2025-10-28T14:23:38.000Z,1,0,0
Twitter,1983177843820638585,"During his visit, the Managing Director reviewed the outlet's operations and explored ways to enhance the marketing and sales of tribal produces.

#Vocal4Local #BuyTribal #VanDhan #TribalCrafts #Tripura https://t.co/Xw7Oe2cDF5",2025-10-28T14:23:38.000Z,0,0,0
Twitter,1983177790913417477,Boost your brand awareness with proven marketing techniques! ğŸ“ˆ Dive into strategies that drive visitors and engagement. Explore more at https://t.co/7SZwQKS5pE #BrandAwareness #MarketingTips https://t.co/9btYDvY8Dk,2025-10-28T14:23:25.000Z,0,0,0
Twitter,1983177774077739155,"MailerLiteâ€™s MCP server is on Product Hunt!

Please go check it out for more details! 

ğŸ‘‰ https://t.co/uT79rkMdjk",2025-10-28T14:23:21.000Z,0,0,0
Twitter,1983177757950390649,"Texas sued Tylenol maker Kenvue, alleging it deceived pregnant women about risks associated with autism https://t.co/YGZJ3rFHeD",2025-10-28T14:23:17.000Z,13,0,6
Twitter,1983177743882670527,"ğŸš€ ICO 2.0 is here â€” meet MegaETH.
A â€œreal-time blockchainâ€ that just raised $500M aiming to merge Solanaâ€™s speed, Ethereumâ€™s security, and CEX-level efficiency â€” without trade-offs.

Bold vision. Massive funding.
But can they deliver, or is this marketing in motion?

#MegaETH https://t.co/eSxmarP9oV",2025-10-28T14:23:14.000Z,0,0,0
Twitter,1983177737776029893,"All that noise All that flexing those @monad Cards

And suddenly Not eligible for $MON

If this is how Monad rewards its biggest believers, good luck building trust from here

Evil marketing team lol https://t.co/U0FjdsHHrN https://t.co/UxMmX1kR2E",2025-10-28T14:23:13.000Z,1,0,0
Twitter,1983177709602910634,"@stbl_official @KaitoAI If a project is built on genuine value â€” free from hype or deception â€” and remains focused on delivering returns to its investors, then having a few promotional or marketing articles is perfectly acceptable.",2025-10-28T14:23:06.000Z,0,0,1
Twitter,1983177703223169502,"@ProofOfEly @GooseABS @MarianneNFTs thereâ€™s alot of things on top of that

$0 spent on marketing still 

thereâ€™s a reason every project I talk to rn wants to leave abstract 

also every team Iâ€™m spoken to has issues getting replies from the team etc 

I donâ€™t think itâ€™s productive to keep glazing them, they need to",2025-10-28T14:23:04.000Z,2,0,1
Twitter,1983177699788197916,@superhexwin the marketing multiplier effects will be wild if so,2025-10-28T14:23:03.000Z,0,0,0
Twitter,1983177698160849081,@_mctrinh 100 %  marketing .,2025-10-28T14:23:03.000Z,0,0,0
Twitter,1983177690699165723,"The concept of a social media manager being a graphic designer, web designer, Video editor, salesperson, content creator, Email marketing specialist, paid ads specialist, copy writer &amp; Brand Manager on a 50k salaryâ€¦.. https://t.co/2bWtJAILmN",2025-10-28T14:23:01.000Z,0,0,0
Twitter,1983177673313861700,"@GoodwinMJ Only if you donâ€™t understand what adverts are. Marketing, publicity., attention to get people to buy stuff, anyone. Why exclude any potential customers? They are not an academic analysis of ğŸ‡¬ğŸ‡§ demographics. Itâ€™s working, people will pay more attention to them now.",2025-10-28T14:22:57.000Z,0,0,0
Twitter,1983177641231561182,"ğŸŒ Ready to take your products global?

Al Teneilji General Trading Co. helps manufacturers expand worldwide. We handle branding, marketing, and connecting you with international buyers.

ğŸ“ +971 50 369 4555
ğŸ“§ info@alteneiljigroup.com
ğŸŒ https://t.co/Qb5RcUhAby

#GlobalTrade https://t.co/QFYO9MSgNt",2025-10-28T14:22:49.000Z,1,0,0
Twitter,1983177641109925997,@Folakenodeyjoke @shock No-flight-required positioning is clever marketing. Early traction metrics (DAU/MAU) and deposit volumes will validate whether the funnel converts hype to revenue.,2025-10-28T14:22:49.000Z,0,0,0
Twitter,1983177637129249154,Source: Fierce Pharma https://t.co/srWt5XMqeD,2025-10-28T14:22:49.000Z,0,0,0
Twitter,1983177634826879108,@Wealthygodman @bitdealernet Web3 grows when utility outweighs marketing every time.,2025-10-28T14:22:48.000Z,0,0,0
Twitter,1983177634206138814,@Serayah_V @Mavs_alpha Itâ€™s all for clout and marketing,2025-10-28T14:22:48.000Z,0,0,0
Twitter,1983177626488582584,"@Parul_Gautam7 @invideoOfficial this is next level halloween marketing

halloween will be more fun this year, lol",2025-10-28T14:22:46.000Z,1,0,0
Twitter,1983177618796229121,Check out the latest article in my newsletter: The Marketing Forest Morning Brief: The Authenticity Paradox https://t.co/3rh9RyJLiF via @LinkedIn,2025-10-28T14:22:44.000Z,0,0,0
